,country,city,lat,lon,pageviews,pageviews_dby,pct_change,date,Afghanistan,Albania,Algeria,Argentina,Australia,Bahrain,Bangladesh,Barbados,Bolivia,Brazil,Bulgaria,Burma,Cambodia,Canada,Cape-Verde,Chile,China,Colombia,Congo,Costa-Rica,Croatia,Cuba,Cyprus,Czech-Republic,Democratic-Republic-Of-Congo,Dominican-Republic,Ecuador,Egypt,Ethiopia,France,Gambia,Georgia,Germany,Ghana,Greece,Guatemala,Hong-Kong,Hungary,India,Indonesia,Iran,Iraq,Ireland,Israel,Italy,Jamaica,Japan,Jordan,Kenya,Kosovo,Laos,Lebanon,Libya,Madagascar,Malaysia,Maldives,Malta,Mauritius,Mexico,Montenegro,Morocco,Mozambique,Namibia,Nepal,Netherlands,New-Zealand,Nigeria,North-Korea,Oman,Pakistan,Peru,Philippines,Poland,Portugal,Qatar,Russia,Rwanda,Saudi-Arabia,Serbia,Singapore,Somalia,South-Africa,South-Korea,Spain,Sri-Lanka,Sudan,Switzerland,Syria,Tanzania,Thailand,Tunisia,Turkey,Uganda,Ukraine,United-Arab-Emirates,USA,Venezuela,Vietnam,Yemen,Zambia,Zimbabwe
0,Afghanistan,Kabul,34.31,69.11,249.0,179.0,39.1,2013-07-09,306.0,151.0,178.0,214.0,513.0,112.0,131.0,190.0,116.0,364.0,297.0,265.0,321.0,274.0,163.0,85.0,434.0,281.0,113.0,167.0,376.0,363.0,523.0,130.0,147.0,666.0,153.0,26949.0,204.0,627.0,135.0,120.0,263.0,178.0,631.0,142.0,164.0,80.0,707.0,259.0,274.0,302.0,409.0,426.0,305.0,234.0,216.0,340.0,493.0,82.0,140.0,1091.0,254.0,301.0,470.0,141.0,115.0,194.0,639.0,100.0,641.0,149.0,100.0,156.0,125.0,109.0,411.0,166.0,185.0,458.0,203.0,282.0,160.0,261.0,150.0,293.0,80.0,221.0,148.0,191.0,176.0,493.0,195.0,883.0,390.0,121.0,134.0,179.0,307.0,804.0,1245.0,4251.0,231.0,189.0,352.0,1572.0,127.0,341.0,147.0,159.0,258.0
1,Albania,Tirana (Tirane),41.19,19.49,106.0,134.0,-20.9,2013-07-10,257.0,129.0,130.0,175.0,449.0,139.0,174.0,90.0,114.0,553.0,253.0,197.0,280.0,236.0,111.0,89.0,904.0,241.0,84.0,153.0,313.0,522.0,489.0,125.0,102.0,621.0,176.0,18824.0,209.0,625.0,156.0,90.0,195.0,231.0,1029.0,105.0,158.0,88.0,825.0,272.0,232.0,231.0,387.0,335.0,279.0,272.0,833.0,296.0,450.0,80.0,80.0,499.0,182.0,171.0,480.0,131.0,103.0,171.0,555.0,85.0,534.0,229.0,103.0,149.0,100.0,93.0,365.0,117.0,164.0,380.0,180.0,211.0,130.0,250.0,175.0,271.0,126.0,189.0,130.0,193.0,127.0,415.0,195.0,787.0,360.0,112.0,101.0,134.0,298.0,670.0,984.0,2984.0,467.0,158.0,300.0,1214.0,112.0,291.0,130.0,173.0,217.0
2,Algeria,Algiers,36.45,3.03,137.0,110.0,24.5,2013-07-11,239.0,104.0,149.0,148.0,450.0,366.0,138.0,123.0,105.0,438.0,283.0,203.0,214.0,292.0,103.0,82.0,511.0,238.0,76.0,118.0,235.0,398.0,397.0,88.0,103.0,522.0,124.0,13119.0,174.0,485.0,115.0,91.0,170.0,155.0,540.0,95.0,134.0,71.0,588.0,246.0,194.0,223.0,373.0,331.0,304.0,303.0,302.0,245.0,393.0,63.0,92.0,365.0,193.0,147.0,378.0,103.0,66.0,196.0,562.0,72.0,472.0,181.0,65.0,124.0,108.0,102.0,339.0,115.0,128.0,271.0,209.0,336.0,134.0,211.0,136.0,258.0,85.0,194.0,98.0,188.0,113.0,372.0,166.0,688.0,422.0,91.0,104.0,136.0,252.0,696.0,950.0,2340.0,218.0,149.0,285.0,1413.0,178.0,603.0,113.0,121.0,464.0
3,American Samoa,Pago Pago,-14.16,-170.42,,,,2013-07-12,306.0,132.0,118.0,168.0,423.0,160.0,113.0,109.0,96.0,284.0,227.0,165.0,225.0,243.0,118.0,75.0,410.0,209.0,78.0,165.0,363.0,314.0,490.0,105.0,105.0,280.0,122.0,10902.0,205.0,868.0,152.0,90.0,192.0,196.0,4528.0,100.0,131.0,86.0,541.0,247.0,235.0,234.0,356.0,319.0,477.0,202.0,252.0,227.0,375.0,73.0,110.0,306.0,183.0,120.0,748.0,138.0,169.0,148.0,514.0,93.0,473.0,150.0,71.0,126.0,113.0,97.0,341.0,156.0,150.0,290.0,177.0,286.0,124.0,278.0,121.0,316.0,87.0,157.0,101.0,187.0,142.0,371.0,198.0,990.0,368.0,106.0,136.0,152.0,187.0,679.0,794.0,2198.0,210.0,140.0,260.0,1100.0,140.0,353.0,128.0,90.0,212.0
4,Andorra,Andorra la Vella,42.3,1.31,,,,2013-07-13,180.0,94.0,91.0,122.0,297.0,97.0,84.0,99.0,65.0,207.0,201.0,131.0,176.0,155.0,67.0,54.0,255.0,155.0,46.0,112.0,223.0,222.0,288.0,65.0,33.0,226.0,80.0,7049.0,126.0,551.0,89.0,88.0,140.0,106.0,899.0,73.0,91.0,48.0,320.0,177.0,157.0,138.0,240.0,255.0,249.0,119.0,131.0,174.0,240.0,35.0,55.0,179.0,118.0,87.0,384.0,67.0,86.0,114.0,290.0,90.0,360.0,110.0,54.0,68.0,65.0,69.0,172.0,125.0,90.0,201.0,135.0,143.0,99.0,138.0,99.0,143.0,54.0,153.0,97.0,141.0,86.0,222.0,286.0,530.0,323.0,62.0,63.0,106.0,163.0,523.0,722.0,1683.0,153.0,115.0,207.0,907.0,75.0,220.0,85.0,78.0,112.0
5,Angola,Luanda,-8.5,13.14,,,,2013-07-14,196.0,125.0,115.0,148.0,388.0,99.0,203.0,117.0,82.0,221.0,261.0,183.0,268.0,179.0,127.0,80.0,300.0,167.0,48.0,187.0,318.0,390.0,367.0,80.0,97.0,310.0,129.0,7367.0,176.0,552.0,106.0,62.0,169.0,156.0,735.0,91.0,109.0,64.0,435.0,227.0,203.0,159.0,341.0,287.0,287.0,145.0,183.0,225.0,284.0,60.0,99.0,224.0,138.0,134.0,407.0,108.0,88.0,152.0,494.0,85.0,523.0,93.0,75.0,130.0,85.0,90.0,193.0,153.0,101.0,200.0,189.0,241.0,117.0,178.0,104.0,173.0,78.0,171.0,123.0,159.0,95.0,333.0,342.0,654.0,383.0,70.0,98.0,101.0,226.0,647.0,948.0,2120.0,201.0,119.0,231.0,1141.0,73.0,318.0,95.0,72.0,169.0
6,Anguilla,The Valley,18.13,-63.03,,,,2013-07-15,279.0,184.0,173.0,174.0,479.0,146.0,292.0,120.0,117.0,388.0,317.0,230.0,336.0,252.0,151.0,100.0,609.0,278.0,97.0,185.0,390.0,434.0,502.0,133.0,131.0,371.0,337.0,10884.0,215.0,950.0,145.0,129.0,218.0,172.0,1226.0,108.0,155.0,79.0,810.0,336.0,216.0,231.0,513.0,391.0,420.0,204.0,334.0,288.0,476.0,78.0,130.0,375.0,240.0,199.0,584.0,174.0,100.0,219.0,670.0,114.0,515.0,353.0,93.0,321.0,147.0,133.0,363.0,165.0,157.0,290.0,237.0,250.0,140.0,275.0,143.0,262.0,99.0,192.0,134.0,199.0,112.0,472.0,285.0,983.0,439.0,116.0,146.0,122.0,250.0,892.0,1320.0,2657.0,303.0,192.0,334.0,1544.0,137.0,389.0,142.0,117.0,271.0
7,Antigua and Barbuda,Saint John's,17.07,-61.51,,,,2013-07-16,258.0,115.0,143.0,171.0,500.0,124.0,392.0,126.0,109.0,305.0,288.0,213.0,253.0,217.0,116.0,97.0,435.0,317.0,93.0,165.0,338.0,460.0,428.0,92.0,224.0,288.0,202.0,10271.0,218.0,606.0,160.0,117.0,220.0,219.0,1518.0,136.0,143.0,74.0,662.0,316.0,470.0,259.0,487.0,445.0,348.0,210.0,251.0,266.0,1396.0,78.0,80.0,336.0,234.0,164.0,447.0,150.0,149.0,227.0,749.0,95.0,590.0,193.0,112.0,173.0,106.0,96.0,743.0,141.0,154.0,292.0,212.0,222.0,150.0,247.0,163.0,289.0,104.0,193.0,95.0,248.0,153.0,449.0,200.0,828.0,453.0,92.0,115.0,149.0,293.0,807.0,973.0,2345.0,286.0,133.0,350.0,1390.0,128.0,356.0,146.0,152.0,193.0
8,Argentina,Buenos Aires,-34.36,-58.4,189.0,136.0,39.0,2013-07-17,244.0,145.0,144.0,162.0,415.0,109.0,258.0,136.0,80.0,457.0,210.0,234.0,272.0,230.0,120.0,69.0,332.0,274.0,78.0,137.0,364.0,417.0,351.0,89.0,156.0,246.0,189.0,9168.0,208.0,569.0,167.0,113.0,163.0,188.0,703.0,141.0,127.0,93.0,531.0,272.0,410.0,238.0,444.0,330.0,275.0,189.0,240.0,240.0,579.0,58.0,104.0,365.0,204.0,187.0,403.0,148.0,89.0,193.0,610.0,86.0,412.0,207.0,82.0,178.0,105.0,93.0,403.0,155.0,152.0,286.0,212.0,229.0,98.0,220.0,116.0,205.0,101.0,233.0,144.0,184.0,116.0,454.0,344.0,721.0,419.0,127.0,93.0,131.0,298.0,690.0,845.0,2063.0,217.0,156.0,327.0,1400.0,103.0,311.0,126.0,136.0,181.0
9,Armenia,Yerevan,40.1,44.3,,,,2013-07-18,250.0,133.0,118.0,137.0,415.0,522.0,201.0,133.0,78.0,359.0,257.0,168.0,246.0,298.0,100.0,90.0,362.0,235.0,77.0,151.0,287.0,285.0,360.0,85.0,139.0,321.0,173.0,7022.0,195.0,660.0,128.0,91.0,245.0,177.0,674.0,87.0,125.0,131.0,630.0,238.0,306.0,382.0,484.0,335.0,335.0,173.0,243.0,231.0,451.0,89.0,86.0,311.0,168.0,169.0,422.0,117.0,148.0,178.0,589.0,79.0,462.0,183.0,81.0,129.0,162.0,104.0,349.0,171.0,150.0,289.0,268.0,246.0,153.0,249.0,509.0,251.0,90.0,228.0,118.0,158.0,181.0,445.0,259.0,752.0,378.0,90.0,144.0,129.0,283.0,708.0,780.0,1978.0,239.0,148.0,351.0,1431.0,97.0,293.0,143.0,100.0,194.0
10,Aruba,Oranjestad,12.31,-70.02,,,,2013-07-19,207.0,102.0,135.0,128.0,384.0,175.0,134.0,96.0,122.0,243.0,201.0,201.0,205.0,194.0,87.0,98.0,320.0,283.0,53.0,142.0,220.0,299.0,311.0,86.0,138.0,226.0,142.0,6755.0,174.0,461.0,114.0,66.0,151.0,160.0,419.0,107.0,110.0,72.0,1074.0,202.0,209.0,231.0,335.0,334.0,236.0,142.0,261.0,252.0,398.0,86.0,88.0,277.0,165.0,132.0,299.0,85.0,83.0,145.0,517.0,72.0,315.0,111.0,51.0,91.0,103.0,98.0,501.0,120.0,147.0,243.0,224.0,214.0,114.0,204.0,311.0,237.0,82.0,702.0,83.0,155.0,103.0,310.0,162.0,581.0,308.0,78.0,90.0,103.0,227.0,522.0,734.0,1656.0,166.0,116.0,406.0,1074.0,87.0,220.0,125.0,100.0,177.0
11,Australia,Canberra,-35.17,149.13,589.0,421.0,39.9,2013-07-20,162.0,86.0,88.0,93.0,317.0,95.0,99.0,110.0,68.0,186.0,229.0,140.0,182.0,156.0,77.0,41.0,230.0,207.0,35.0,121.0,178.0,301.0,258.0,81.0,100.0,210.0,120.0,4942.0,128.0,429.0,132.0,72.0,123.0,113.0,369.0,61.0,74.0,63.0,404.0,186.0,173.0,127.0,297.0,217.0,200.0,212.0,178.0,192.0,325.0,34.0,75.0,201.0,105.0,99.0,262.0,112.0,80.0,167.0,458.0,53.0,324.0,84.0,58.0,102.0,69.0,65.0,310.0,88.0,103.0,169.0,159.0,160.0,73.0,141.0,103.0,160.0,71.0,206.0,70.0,152.0,77.0,255.0,129.0,470.0,270.0,50.0,53.0,76.0,149.0,479.0,785.0,1441.0,135.0,100.0,399.0,849.0,76.0,187.0,87.0,67.0,127.0
12,Austria,Vienna,48.12,16.22,,,,2013-07-21,179.0,134.0,110.0,136.0,421.0,106.0,96.0,131.0,99.0,200.0,265.0,184.0,251.0,172.0,127.0,76.0,259.0,269.0,50.0,144.0,263.0,475.0,343.0,54.0,76.0,292.0,146.0,5519.0,177.0,547.0,161.0,77.0,149.0,130.0,466.0,92.0,113.0,74.0,446.0,190.0,189.0,191.0,401.0,260.0,225.0,180.0,238.0,194.0,301.0,66.0,122.0,250.0,125.0,135.0,357.0,148.0,80.0,165.0,516.0,91.0,414.0,102.0,68.0,105.0,141.0,116.0,336.0,106.0,140.0,213.0,191.0,145.0,95.0,189.0,121.0,194.0,79.0,152.0,107.0,179.0,101.0,284.0,148.0,572.0,403.0,76.0,80.0,119.0,198.0,623.0,984.0,2104.0,169.0,139.0,404.0,1180.0,87.0,265.0,110.0,95.0,149.0
13,Azerbaijan,Baku (Baki Baky),40.23,49.52,,,,2013-07-22,249.0,106.0,137.0,189.0,589.0,108.0,186.0,155.0,110.0,296.0,301.0,215.0,316.0,262.0,113.0,106.0,450.0,417.0,114.0,145.0,413.0,427.0,395.0,114.0,137.0,293.0,209.0,6830.0,190.0,702.0,143.0,128.0,234.0,226.0,559.0,110.0,154.0,116.0,1196.0,347.0,248.0,268.0,489.0,373.0,305.0,157.0,250.0,323.0,511.0,109.0,121.0,412.0,221.0,153.0,482.0,136.0,105.0,232.0,635.0,128.0,504.0,155.0,117.0,161.0,118.0,149.0,627.0,117.0,173.0,305.0,246.0,213.0,159.0,231.0,182.0,284.0,101.0,235.0,123.0,217.0,135.0,411.0,201.0,786.0,421.0,110.0,123.0,143.0,327.0,855.0,1017.0,2158.0,205.0,167.0,557.0,1459.0,143.0,328.0,142.0,139.0,245.0
14,Bahamas The,Nassau,25.05,-77.21,,,,,,,,,,,,,,,,,,,,,,,,,,,,,,,,,,,,,,,,,,,,,,,,,,,,,,,,,,,,,,,,,,,,,,,,,,,,,,,,,,,,,,,,,,,,,,,,,,,,,,,,,
15,Bahrain,Manama,26.14,50.34,108.0,106.0,1.9,,,,,,,,,,,,,,,,,,,,,,,,,,,,,,,,,,,,,,,,,,,,,,,,,,,,,,,,,,,,,,,,,,,,,,,,,,,,,,,,,,,,,,,,,,,,,,,,,,,,,,
16,Bangladesh,Dhaka,23.43,90.24,186.0,96.0,93.8,,,,,,,,,,,,,,,,,,,,,,,,,,,,,,,,,,,,,,,,,,,,,,,,,,,,,,,,,,,,,,,,,,,,,,,,,,,,,,,,,,,,,,,,,,,,,,,,,,,,,,
17,Barbados,Bridgetown,13.06,-59.37,155.0,131.0,18.3,,,,,,,,,,,,,,,,,,,,,,,,,,,,,,,,,,,,,,,,,,,,,,,,,,,,,,,,,,,,,,,,,,,,,,,,,,,,,,,,,,,,,,,,,,,,,,,,,,,,,,
18,Belarus,Minsk,53.54,27.34,,,,,,,,,,,,,,,,,,,,,,,,,,,,,,,,,,,,,,,,,,,,,,,,,,,,,,,,,,,,,,,,,,,,,,,,,,,,,,,,,,,,,,,,,,,,,,,,,,,,,,,,,
19,Belgium,Brussels,50.5,4.2,,,,,,,,,,,,,,,,,,,,,,,,,,,,,,,,,,,,,,,,,,,,,,,,,,,,,,,,,,,,,,,,,,,,,,,,,,,,,,,,,,,,,,,,,,,,,,,,,,,,,,,,,
20,Belize,Belmopan,17.15,-88.46,,,,,,,,,,,,,,,,,,,,,,,,,,,,,,,,,,,,,,,,,,,,,,,,,,,,,,,,,,,,,,,,,,,,,,,,,,,,,,,,,,,,,,,,,,,,,,,,,,,,,,,,,
21,Benin,Porto-Novo (official capital),6.29,2.37,,,,,,,,,,,,,,,,,,,,,,,,,,,,,,,,,,,,,,,,,,,,,,,,,,,,,,,,,,,,,,,,,,,,,,,,,,,,,,,,,,,,,,,,,,,,,,,,,,,,,,,,,
22,Bermuda,Hamilton,32.17,-64.47,,,,,,,,,,,,,,,,,,,,,,,,,,,,,,,,,,,,,,,,,,,,,,,,,,,,,,,,,,,,,,,,,,,,,,,,,,,,,,,,,,,,,,,,,,,,,,,,,,,,,,,,,
23,Bhutan,Thimphu,27.29,89.36,,,,,,,,,,,,,,,,,,,,,,,,,,,,,,,,,,,,,,,,,,,,,,,,,,,,,,,,,,,,,,,,,,,,,,,,,,,,,,,,,,,,,,,,,,,,,,,,,,,,,,,,,
24,Bolivia,La Paz (administrative capital),-16.3,-68.09,110.0,99.0,11.1,,,,,,,,,,,,,,,,,,,,,,,,,,,,,,,,,,,,,,,,,,,,,,,,,,,,,,,,,,,,,,,,,,,,,,,,,,,,,,,,,,,,,,,,,,,,,,,,,,,,,,
25,Bosnia-and-Herzegovina,Sarajevo,43.52,18.25,,,,,,,,,,,,,,,,,,,,,,,,,,,,,,,,,,,,,,,,,,,,,,,,,,,,,,,,,,,,,,,,,,,,,,,,,,,,,,,,,,,,,,,,,,,,,,,,,,,,,,,,,
26,Botswana,Gaborone,-24.45,25.55,,,,,,,,,,,,,,,,,,,,,,,,,,,,,,,,,,,,,,,,,,,,,,,,,,,,,,,,,,,,,,,,,,,,,,,,,,,,,,,,,,,,,,,,,,,,,,,,,,,,,,,,,
27,Brazil,Brasilia,-15.47,-47.55,296.0,200.0,48.0,,,,,,,,,,,,,,,,,,,,,,,,,,,,,,,,,,,,,,,,,,,,,,,,,,,,,,,,,,,,,,,,,,,,,,,,,,,,,,,,,,,,,,,,,,,,,,,,,,,,,,
28,British Virgin Islands,Road Town,18.27,-64.37,,,,,,,,,,,,,,,,,,,,,,,,,,,,,,,,,,,,,,,,,,,,,,,,,,,,,,,,,,,,,,,,,,,,,,,,,,,,,,,,,,,,,,,,,,,,,,,,,,,,,,,,,
29,Brunei,Bandar Seri Begawan,4.53,114.56,,,,,,,,,,,,,,,,,,,,,,,,,,,,,,,,,,,,,,,,,,,,,,,,,,,,,,,,,,,,,,,,,,,,,,,,,,,,,,,,,,,,,,,,,,,,,,,,,,,,,,,,,
30,Bulgaria,Sofia,42.41,23.19,301.0,265.0,13.6,,,,,,,,,,,,,,,,,,,,,,,,,,,,,,,,,,,,,,,,,,,,,,,,,,,,,,,,,,,,,,,,,,,,,,,,,,,,,,,,,,,,,,,,,,,,,,,,,,,,,,
31,Burkina Faso,Ouagadougou,12.22,-1.31,,,,,,,,,,,,,,,,,,,,,,,,,,,,,,,,,,,,,,,,,,,,,,,,,,,,,,,,,,,,,,,,,,,,,,,,,,,,,,,,,,,,,,,,,,,,,,,,,,,,,,,,,
32,Burma,Rangoon (Yangon),16.48,96.09,215.0,184.0,16.8,,,,,,,,,,,,,,,,,,,,,,,,,,,,,,,,,,,,,,,,,,,,,,,,,,,,,,,,,,,,,,,,,,,,,,,,,,,,,,,,,,,,,,,,,,,,,,,,,,,,,,
33,Burundi,Bujumbura,-3.22,29.21,,,,,,,,,,,,,,,,,,,,,,,,,,,,,,,,,,,,,,,,,,,,,,,,,,,,,,,,,,,,,,,,,,,,,,,,,,,,,,,,,,,,,,,,,,,,,,,,,,,,,,,,,
34,Cambodia,Phnom Penh,11.33,104.55,316.0,251.0,25.9,,,,,,,,,,,,,,,,,,,,,,,,,,,,,,,,,,,,,,,,,,,,,,,,,,,,,,,,,,,,,,,,,,,,,,,,,,,,,,,,,,,,,,,,,,,,,,,,,,,,,,
35,Cameroon,Yaounde,3.52,11.31,,,,,,,,,,,,,,,,,,,,,,,,,,,,,,,,,,,,,,,,,,,,,,,,,,,,,,,,,,,,,,,,,,,,,,,,,,,,,,,,,,,,,,,,,,,,,,,,,,,,,,,,,
36,Canada,Ottawa,45.25,-75.42,262.0,172.0,52.3,,,,,,,,,,,,,,,,,,,,,,,,,,,,,,,,,,,,,,,,,,,,,,,,,,,,,,,,,,,,,,,,,,,,,,,,,,,,,,,,,,,,,,,,,,,,,,,,,,,,,,
37,Cape-Verde,Praia,14.55,-23.31,113.0,127.0,-11.0,,,,,,,,,,,,,,,,,,,,,,,,,,,,,,,,,,,,,,,,,,,,,,,,,,,,,,,,,,,,,,,,,,,,,,,,,,,,,,,,,,,,,,,,,,,,,,,,,,,,,,
38,Cayman Islands,George Town (on Grand Cayman),19.18,-81.23,,,,,,,,,,,,,,,,,,,,,,,,,,,,,,,,,,,,,,,,,,,,,,,,,,,,,,,,,,,,,,,,,,,,,,,,,,,,,,,,,,,,,,,,,,,,,,,,,,,,,,,,,
39,Central African Republic,Bangui,4.22,18.35,,,,,,,,,,,,,,,,,,,,,,,,,,,,,,,,,,,,,,,,,,,,,,,,,,,,,,,,,,,,,,,,,,,,,,,,,,,,,,,,,,,,,,,,,,,,,,,,,,,,,,,,,
40,Chad,N'Djamena,12.06,15.02,,,,,,,,,,,,,,,,,,,,,,,,,,,,,,,,,,,,,,,,,,,,,,,,,,,,,,,,,,,,,,,,,,,,,,,,,,,,,,,,,,,,,,,,,,,,,,,,,,,,,,,,,
41,Chile,Santiago,-33.27,-70.4,106.0,76.0,39.5,,,,,,,,,,,,,,,,,,,,,,,,,,,,,,,,,,,,,,,,,,,,,,,,,,,,,,,,,,,,,,,,,,,,,,,,,,,,,,,,,,,,,,,,,,,,,,,,,,,,,,
42,China,Beijing,39.55,116.23,450.0,259.0,73.7,,,,,,,,,,,,,,,,,,,,,,,,,,,,,,,,,,,,,,,,,,,,,,,,,,,,,,,,,,,,,,,,,,,,,,,,,,,,,,,,,,,,,,,,,,,,,,,,,,,,,,
43,Christmas Island,The Settlement,-10.25,105.43,,,,,,,,,,,,,,,,,,,,,,,,,,,,,,,,,,,,,,,,,,,,,,,,,,,,,,,,,,,,,,,,,,,,,,,,,,,,,,,,,,,,,,,,,,,,,,,,,,,,,,,,,
44,Cocos (Keeling) Islands,West Island,-12.1,96.5,,,,,,,,,,,,,,,,,,,,,,,,,,,,,,,,,,,,,,,,,,,,,,,,,,,,,,,,,,,,,,,,,,,,,,,,,,,,,,,,,,,,,,,,,,,,,,,,,,,,,,,,,
45,Colombia,Bogota,4.36,-74.05,417.0,269.0,55.0,,,,,,,,,,,,,,,,,,,,,,,,,,,,,,,,,,,,,,,,,,,,,,,,,,,,,,,,,,,,,,,,,,,,,,,,,,,,,,,,,,,,,,,,,,,,,,,,,,,,,,
46,Comoros,Moroni,-11.42,43.14,,,,,,,,,,,,,,,,,,,,,,,,,,,,,,,,,,,,,,,,,,,,,,,,,,,,,,,,,,,,,,,,,,,,,,,,,,,,,,,,,,,,,,,,,,,,,,,,,,,,,,,,,
47,Democratic-Republic-Of-Congo,Kinshasa,-4.19,15.18,137.0,76.0,80.3,,,,,,,,,,,,,,,,,,,,,,,,,,,,,,,,,,,,,,,,,,,,,,,,,,,,,,,,,,,,,,,,,,,,,,,,,,,,,,,,,,,,,,,,,,,,,,,,,,,,,,
48,Congo Republic of the,Brazzaville,-4.15,15.17,,,,,,,,,,,,,,,,,,,,,,,,,,,,,,,,,,,,,,,,,,,,,,,,,,,,,,,,,,,,,,,,,,,,,,,,,,,,,,,,,,,,,,,,,,,,,,,,,,,,,,,,,
49,Cook Islands,Avarua,-21.12,-159.46,,,,,,,,,,,,,,,,,,,,,,,,,,,,,,,,,,,,,,,,,,,,,,,,,,,,,,,,,,,,,,,,,,,,,,,,,,,,,,,,,,,,,,,,,,,,,,,,,,,,,,,,,
50,Costa-Rica,San Jose,9.56,-84.05,145.0,144.0,0.7,,,,,,,,,,,,,,,,,,,,,,,,,,,,,,,,,,,,,,,,,,,,,,,,,,,,,,,,,,,,,,,,,,,,,,,,,,,,,,,,,,,,,,,,,,,,,,,,,,,,,,
51,Croatia,Zagreb,45.48,16.0,413.0,263.0,57.0,,,,,,,,,,,,,,,,,,,,,,,,,,,,,,,,,,,,,,,,,,,,,,,,,,,,,,,,,,,,,,,,,,,,,,,,,,,,,,,,,,,,,,,,,,,,,,,,,,,,,,
52,Cuba,Havana,23.07,-82.21,427.0,475.0,-10.1,,,,,,,,,,,,,,,,,,,,,,,,,,,,,,,,,,,,,,,,,,,,,,,,,,,,,,,,,,,,,,,,,,,,,,,,,,,,,,,,,,,,,,,,,,,,,,,,,,,,,,
53,Cyprus,Nicosia (Lefkosia),35.1,33.22,395.0,343.0,15.2,,,,,,,,,,,,,,,,,,,,,,,,,,,,,,,,,,,,,,,,,,,,,,,,,,,,,,,,,,,,,,,,,,,,,,,,,,,,,,,,,,,,,,,,,,,,,,,,,,,,,,
54,Czech-Republic,Prague,50.05,14.28,114.0,54.0,111.1,,,,,,,,,,,,,,,,,,,,,,,,,,,,,,,,,,,,,,,,,,,,,,,,,,,,,,,,,,,,,,,,,,,,,,,,,,,,,,,,,,,,,,,,,,,,,,,,,,,,,,
55,CÈte d'Ivoire,Yamoussoukro,6.49,-5.17,,,,,,,,,,,,,,,,,,,,,,,,,,,,,,,,,,,,,,,,,,,,,,,,,,,,,,,,,,,,,,,,,,,,,,,,,,,,,,,,,,,,,,,,,,,,,,,,,,,,,,,,,
56,Denmark,Copenhagen,55.4,12.35,,,,,,,,,,,,,,,,,,,,,,,,,,,,,,,,,,,,,,,,,,,,,,,,,,,,,,,,,,,,,,,,,,,,,,,,,,,,,,,,,,,,,,,,,,,,,,,,,,,,,,,,,
57,Djibouti,Djibouti,11.35,43.09,,,,,,,,,,,,,,,,,,,,,,,,,,,,,,,,,,,,,,,,,,,,,,,,,,,,,,,,,,,,,,,,,,,,,,,,,,,,,,,,,,,,,,,,,,,,,,,,,,,,,,,,,
58,Dominica,Roseau,15.18,-61.24,,,,,,,,,,,,,,,,,,,,,,,,,,,,,,,,,,,,,,,,,,,,,,,,,,,,,,,,,,,,,,,,,,,,,,,,,,,,,,,,,,,,,,,,,,,,,,,,,,,,,,,,,
59,Dominican-Republic,Santo Domingo,18.28,-69.54,293.0,292.0,0.3,,,,,,,,,,,,,,,,,,,,,,,,,,,,,,,,,,,,,,,,,,,,,,,,,,,,,,,,,,,,,,,,,,,,,,,,,,,,,,,,,,,,,,,,,,,,,,,,,,,,,,
60,East Timor,Dili,-8.35,125.36,,,,,,,,,,,,,,,,,,,,,,,,,,,,,,,,,,,,,,,,,,,,,,,,,,,,,,,,,,,,,,,,,,,,,,,,,,,,,,,,,,,,,,,,,,,,,,,,,,,,,,,,,
61,Ecuador,Quito,-0.13,-78.3,209.0,146.0,43.2,,,,,,,,,,,,,,,,,,,,,,,,,,,,,,,,,,,,,,,,,,,,,,,,,,,,,,,,,,,,,,,,,,,,,,,,,,,,,,,,,,,,,,,,,,,,,,,,,,,,,,
62,Egypt,Cairo,30.03,31.15,6830.0,5519.0,23.8,,,,,,,,,,,,,,,,,,,,,,,,,,,,,,,,,,,,,,,,,,,,,,,,,,,,,,,,,,,,,,,,,,,,,,,,,,,,,,,,,,,,,,,,,,,,,,,,,,,,,,
63,El Salvador,San Salvador,13.42,-89.12,,,,,,,,,,,,,,,,,,,,,,,,,,,,,,,,,,,,,,,,,,,,,,,,,,,,,,,,,,,,,,,,,,,,,,,,,,,,,,,,,,,,,,,,,,,,,,,,,,,,,,,,,
64,Equatorial Guinea,Malabo,3.45,8.47,,,,,,,,,,,,,,,,,,,,,,,,,,,,,,,,,,,,,,,,,,,,,,,,,,,,,,,,,,,,,,,,,,,,,,,,,,,,,,,,,,,,,,,,,,,,,,,,,,,,,,,,,
65,Eritrea,Asmara (Asmera),15.2,38.56,,,,,,,,,,,,,,,,,,,,,,,,,,,,,,,,,,,,,,,,,,,,,,,,,,,,,,,,,,,,,,,,,,,,,,,,,,,,,,,,,,,,,,,,,,,,,,,,,,,,,,,,,
66,Estonia,Tallinn,59.26,24.43,,,,,,,,,,,,,,,,,,,,,,,,,,,,,,,,,,,,,,,,,,,,,,,,,,,,,,,,,,,,,,,,,,,,,,,,,,,,,,,,,,,,,,,,,,,,,,,,,,,,,,,,,
67,Ethiopia,Addis Ababa,9.02,38.42,190.0,177.0,7.3,,,,,,,,,,,,,,,,,,,,,,,,,,,,,,,,,,,,,,,,,,,,,,,,,,,,,,,,,,,,,,,,,,,,,,,,,,,,,,,,,,,,,,,,,,,,,,,,,,,,,,
68,European Union,Brussels (Belgium) Strasbourg (France) Luxembourg,50.5,4.2,,,,,,,,,,,,,,,,,,,,,,,,,,,,,,,,,,,,,,,,,,,,,,,,,,,,,,,,,,,,,,,,,,,,,,,,,,,,,,,,,,,,,,,,,,,,,,,,,,,,,,,,,
69,Falkland Islands (Islas Malvinas),Stanley,-51.42,-57.51,,,,,,,,,,,,,,,,,,,,,,,,,,,,,,,,,,,,,,,,,,,,,,,,,,,,,,,,,,,,,,,,,,,,,,,,,,,,,,,,,,,,,,,,,,,,,,,,,,,,,,,,,
70,Faroe Islands,Torshavn,62.01,-6.46,,,,,,,,,,,,,,,,,,,,,,,,,,,,,,,,,,,,,,,,,,,,,,,,,,,,,,,,,,,,,,,,,,,,,,,,,,,,,,,,,,,,,,,,,,,,,,,,,,,,,,,,,
71,Fiji,Suva (on Viti Levu),-18.08,178.25,,,,,,,,,,,,,,,,,,,,,,,,,,,,,,,,,,,,,,,,,,,,,,,,,,,,,,,,,,,,,,,,,,,,,,,,,,,,,,,,,,,,,,,,,,,,,,,,,,,,,,,,,
72,Finland,Helsinki,60.1,24.56,,,,,,,,,,,,,,,,,,,,,,,,,,,,,,,,,,,,,,,,,,,,,,,,,,,,,,,,,,,,,,,,,,,,,,,,,,,,,,,,,,,,,,,,,,,,,,,,,,,,,,,,,
73,France,Paris,48.52,2.2,702.0,547.0,28.3,,,,,,,,,,,,,,,,,,,,,,,,,,,,,,,,,,,,,,,,,,,,,,,,,,,,,,,,,,,,,,,,,,,,,,,,,,,,,,,,,,,,,,,,,,,,,,,,,,,,,,
74,French Polynesia,Papeete,-17.32,-149.34,,,,,,,,,,,,,,,,,,,,,,,,,,,,,,,,,,,,,,,,,,,,,,,,,,,,,,,,,,,,,,,,,,,,,,,,,,,,,,,,,,,,,,,,,,,,,,,,,,,,,,,,,
75,Gabon,Libreville,0.23,9.27,,,,,,,,,,,,,,,,,,,,,,,,,,,,,,,,,,,,,,,,,,,,,,,,,,,,,,,,,,,,,,,,,,,,,,,,,,,,,,,,,,,,,,,,,,,,,,,,,,,,,,,,,
76,Gambia The,Banjul,13.27,-16.34,,,,,,,,,,,,,,,,,,,,,,,,,,,,,,,,,,,,,,,,,,,,,,,,,,,,,,,,,,,,,,,,,,,,,,,,,,,,,,,,,,,,,,,,,,,,,,,,,,,,,,,,,
77,Georgia,T'bilisi,41.43,44.47,128.0,77.0,66.2,,,,,,,,,,,,,,,,,,,,,,,,,,,,,,,,,,,,,,,,,,,,,,,,,,,,,,,,,,,,,,,,,,,,,,,,,,,,,,,,,,,,,,,,,,,,,,,,,,,,,,
78,Germany,Berlin,52.31,13.24,234.0,149.0,57.0,,,,,,,,,,,,,,,,,,,,,,,,,,,,,,,,,,,,,,,,,,,,,,,,,,,,,,,,,,,,,,,,,,,,,,,,,,,,,,,,,,,,,,,,,,,,,,,,,,,,,,
79,Ghana,Accra,5.33,-0.13,226.0,130.0,73.8,,,,,,,,,,,,,,,,,,,,,,,,,,,,,,,,,,,,,,,,,,,,,,,,,,,,,,,,,,,,,,,,,,,,,,,,,,,,,,,,,,,,,,,,,,,,,,,,,,,,,,
80,Gibraltar,Gibraltar,36.08,-5.21,,,,,,,,,,,,,,,,,,,,,,,,,,,,,,,,,,,,,,,,,,,,,,,,,,,,,,,,,,,,,,,,,,,,,,,,,,,,,,,,,,,,,,,,,,,,,,,,,,,,,,,,,
81,Greece,Athens,37.59,23.44,559.0,466.0,20.0,,,,,,,,,,,,,,,,,,,,,,,,,,,,,,,,,,,,,,,,,,,,,,,,,,,,,,,,,,,,,,,,,,,,,,,,,,,,,,,,,,,,,,,,,,,,,,,,,,,,,,
82,Greenland,Nuuk (Godthab),64.11,-51.45,,,,,,,,,,,,,,,,,,,,,,,,,,,,,,,,,,,,,,,,,,,,,,,,,,,,,,,,,,,,,,,,,,,,,,,,,,,,,,,,,,,,,,,,,,,,,,,,,,,,,,,,,
83,Grenada,Saint George's,12.03,-61.45,,,,,,,,,,,,,,,,,,,,,,,,,,,,,,,,,,,,,,,,,,,,,,,,,,,,,,,,,,,,,,,,,,,,,,,,,,,,,,,,,,,,,,,,,,,,,,,,,,,,,,,,,
84,Guam,Hagatna (Agana),13.28,144.44,,,,,,,,,,,,,,,,,,,,,,,,,,,,,,,,,,,,,,,,,,,,,,,,,,,,,,,,,,,,,,,,,,,,,,,,,,,,,,,,,,,,,,,,,,,,,,,,,,,,,,,,,
85,Guatemala,Guatemala,14.37,-90.31,110.0,92.0,19.6,,,,,,,,,,,,,,,,,,,,,,,,,,,,,,,,,,,,,,,,,,,,,,,,,,,,,,,,,,,,,,,,,,,,,,,,,,,,,,,,,,,,,,,,,,,,,,,,,,,,,,
86,Guernsey,Saint Peter Port,49.27,-2.32,,,,,,,,,,,,,,,,,,,,,,,,,,,,,,,,,,,,,,,,,,,,,,,,,,,,,,,,,,,,,,,,,,,,,,,,,,,,,,,,,,,,,,,,,,,,,,,,,,,,,,,,,
87,Guinea,Conakry,9.33,-13.42,,,,,,,,,,,,,,,,,,,,,,,,,,,,,,,,,,,,,,,,,,,,,,,,,,,,,,,,,,,,,,,,,,,,,,,,,,,,,,,,,,,,,,,,,,,,,,,,,,,,,,,,,
88,Guinea-Bissau,Bissau,11.51,-15.35,,,,,,,,,,,,,,,,,,,,,,,,,,,,,,,,,,,,,,,,,,,,,,,,,,,,,,,,,,,,,,,,,,,,,,,,,,,,,,,,,,,,,,,,,,,,,,,,,,,,,,,,,
89,Guyana,Georgetown,6.48,-58.1,,,,,,,,,,,,,,,,,,,,,,,,,,,,,,,,,,,,,,,,,,,,,,,,,,,,,,,,,,,,,,,,,,,,,,,,,,,,,,,,,,,,,,,,,,,,,,,,,,,,,,,,,
90,Haiti,Port-au-Prince,18.32,-72.2,,,,,,,,,,,,,,,,,,,,,,,,,,,,,,,,,,,,,,,,,,,,,,,,,,,,,,,,,,,,,,,,,,,,,,,,,,,,,,,,,,,,,,,,,,,,,,,,,,,,,,,,,
91,Holy See (Vatican City),Vatican City,41.54,12.27,,,,,,,,,,,,,,,,,,,,,,,,,,,,,,,,,,,,,,,,,,,,,,,,,,,,,,,,,,,,,,,,,,,,,,,,,,,,,,,,,,,,,,,,,,,,,,,,,,,,,,,,,
92,Honduras,Tegucigalpa,14.06,-87.13,,,,,,,,,,,,,,,,,,,,,,,,,,,,,,,,,,,,,,,,,,,,,,,,,,,,,,,,,,,,,,,,,,,,,,,,,,,,,,,,,,,,,,,,,,,,,,,,,,,,,,,,,
93,Hungary,Budapest,47.3,19.05,116.0,74.0,56.8,,,,,,,,,,,,,,,,,,,,,,,,,,,,,,,,,,,,,,,,,,,,,,,,,,,,,,,,,,,,,,,,,,,,,,,,,,,,,,,,,,,,,,,,,,,,,,,,,,,,,,
94,Iceland,Reykjavik,64.09,-21.57,,,,,,,,,,,,,,,,,,,,,,,,,,,,,,,,,,,,,,,,,,,,,,,,,,,,,,,,,,,,,,,,,,,,,,,,,,,,,,,,,,,,,,,,,,,,,,,,,,,,,,,,,
95,India,New Delhi,28.36,77.12,1196.0,446.0,168.2,,,,,,,,,,,,,,,,,,,,,,,,,,,,,,,,,,,,,,,,,,,,,,,,,,,,,,,,,,,,,,,,,,,,,,,,,,,,,,,,,,,,,,,,,,,,,,,,,,,,,,
96,Indonesia,Jakarta,-6.1,106.49,347.0,190.0,82.6,,,,,,,,,,,,,,,,,,,,,,,,,,,,,,,,,,,,,,,,,,,,,,,,,,,,,,,,,,,,,,,,,,,,,,,,,,,,,,,,,,,,,,,,,,,,,,,,,,,,,,
97,Iran,Tehran,35.4,51.25,248.0,189.0,31.2,,,,,,,,,,,,,,,,,,,,,,,,,,,,,,,,,,,,,,,,,,,,,,,,,,,,,,,,,,,,,,,,,,,,,,,,,,,,,,,,,,,,,,,,,,,,,,,,,,,,,,
98,Iraq,Baghdad,33.2,44.23,268.0,191.0,40.3,,,,,,,,,,,,,,,,,,,,,,,,,,,,,,,,,,,,,,,,,,,,,,,,,,,,,,,,,,,,,,,,,,,,,,,,,,,,,,,,,,,,,,,,,,,,,,,,,,,,,,
99,Ireland,Dublin,53.19,-6.14,489.0,401.0,21.9,,,,,,,,,,,,,,,,,,,,,,,,,,,,,,,,,,,,,,,,,,,,,,,,,,,,,,,,,,,,,,,,,,,,,,,,,,,,,,,,,,,,,,,,,,,,,,,,,,,,,,
100,Israel,Jerusalem,31.46,35.14,373.0,260.0,43.5,,,,,,,,,,,,,,,,,,,,,,,,,,,,,,,,,,,,,,,,,,,,,,,,,,,,,,,,,,,,,,,,,,,,,,,,,,,,,,,,,,,,,,,,,,,,,,,,,,,,,,
101,Italy,Rome,41.54,12.29,305.0,225.0,35.6,,,,,,,,,,,,,,,,,,,,,,,,,,,,,,,,,,,,,,,,,,,,,,,,,,,,,,,,,,,,,,,,,,,,,,,,,,,,,,,,,,,,,,,,,,,,,,,,,,,,,,
102,Jamaica,Kingston,18.0,-76.48,157.0,180.0,-12.8,,,,,,,,,,,,,,,,,,,,,,,,,,,,,,,,,,,,,,,,,,,,,,,,,,,,,,,,,,,,,,,,,,,,,,,,,,,,,,,,,,,,,,,,,,,,,,,,,,,,,,
103,Japan,Tokyo,35.41,139.45,250.0,238.0,5.0,,,,,,,,,,,,,,,,,,,,,,,,,,,,,,,,,,,,,,,,,,,,,,,,,,,,,,,,,,,,,,,,,,,,,,,,,,,,,,,,,,,,,,,,,,,,,,,,,,,,,,
104,Jersey,Saint Helier,49.11,-2.06,,,,,,,,,,,,,,,,,,,,,,,,,,,,,,,,,,,,,,,,,,,,,,,,,,,,,,,,,,,,,,,,,,,,,,,,,,,,,,,,,,,,,,,,,,,,,,,,,,,,,,,,,
105,Jordan,Amman,31.57,35.56,323.0,194.0,66.5,,,,,,,,,,,,,,,,,,,,,,,,,,,,,,,,,,,,,,,,,,,,,,,,,,,,,,,,,,,,,,,,,,,,,,,,,,,,,,,,,,,,,,,,,,,,,,,,,,,,,,
106,Kazakhstan,Astana,51.1,71.25,100.0,72.0,38.9,,,,,,,,,,,,,,,,,,,,,,,,,,,,,,,,,,,,,,,,,,,,,,,,,,,,,,,,,,,,,,,,,,,,,,,,,,,,,,,,,,,,,,,,,,,,,,,,,,,,,,
107,Kenya,Nairobi,-1.17,36.49,511.0,301.0,69.8,,,,,,,,,,,,,,,,,,,,,,,,,,,,,,,,,,,,,,,,,,,,,,,,,,,,,,,,,,,,,,,,,,,,,,,,,,,,,,,,,,,,,,,,,,,,,,,,,,,,,,
108,Kiribati,Tarawa,1.19,172.58,,,,,,,,,,,,,,,,,,,,,,,,,,,,,,,,,,,,,,,,,,,,,,,,,,,,,,,,,,,,,,,,,,,,,,,,,,,,,,,,,,,,,,,,,,,,,,,,,,,,,,,,,
109,North-Korea,Pyongyang,39.01,125.45,117.0,106.0,10.4,,,,,,,,,,,,,,,,,,,,,,,,,,,,,,,,,,,,,,,,,,,,,,,,,,,,,,,,,,,,,,,,,,,,,,,,,,,,,,,,,,,,,,,,,,,,,,,,,,,,,,
110,South-Korea ,Seoul,37.33,126.59,,,,,,,,,,,,,,,,,,,,,,,,,,,,,,,,,,,,,,,,,,,,,,,,,,,,,,,,,,,,,,,,,,,,,,,,,,,,,,,,,,,,,,,,,,,,,,,,,,,,,,,,,
111,Kuwait,Kuwait,29.22,47.58,,,,,,,,,,,,,,,,,,,,,,,,,,,,,,,,,,,,,,,,,,,,,,,,,,,,,,,,,,,,,,,,,,,,,,,,,,,,,,,,,,,,,,,,,,,,,,,,,,,,,,,,,
112,Kyrgyzstan,Bishkek,42.52,74.36,,,,,,,,,,,,,,,,,,,,,,,,,,,,,,,,,,,,,,,,,,,,,,,,,,,,,,,,,,,,,,,,,,,,,,,,,,,,,,,,,,,,,,,,,,,,,,,,,,,,,,,,,
113,Laos,Vientiane,17.58,102.36,121.0,122.0,-0.8,,,,,,,,,,,,,,,,,,,,,,,,,,,,,,,,,,,,,,,,,,,,,,,,,,,,,,,,,,,,,,,,,,,,,,,,,,,,,,,,,,,,,,,,,,,,,,,,,,,,,,
114,Latvia,Riga,56.57,24.06,,,,,,,,,,,,,,,,,,,,,,,,,,,,,,,,,,,,,,,,,,,,,,,,,,,,,,,,,,,,,,,,,,,,,,,,,,,,,,,,,,,,,,,,,,,,,,,,,,,,,,,,,
115,Lebanon,Beirut,33.52,35.3,412.0,250.0,64.8,,,,,,,,,,,,,,,,,,,,,,,,,,,,,,,,,,,,,,,,,,,,,,,,,,,,,,,,,,,,,,,,,,,,,,,,,,,,,,,,,,,,,,,,,,,,,,,,,,,,,,
116,Lesotho,Maseru,-29.19,27.29,,,,,,,,,,,,,,,,,,,,,,,,,,,,,,,,,,,,,,,,,,,,,,,,,,,,,,,,,,,,,,,,,,,,,,,,,,,,,,,,,,,,,,,,,,,,,,,,,,,,,,,,,
117,Liberia,Monrovia,6.18,-10.48,,,,,,,,,,,,,,,,,,,,,,,,,,,,,,,,,,,,,,,,,,,,,,,,,,,,,,,,,,,,,,,,,,,,,,,,,,,,,,,,,,,,,,,,,,,,,,,,,,,,,,,,,
118,Libya,Tripoli,32.53,13.1,221.0,125.0,76.8,,,,,,,,,,,,,,,,,,,,,,,,,,,,,,,,,,,,,,,,,,,,,,,,,,,,,,,,,,,,,,,,,,,,,,,,,,,,,,,,,,,,,,,,,,,,,,,,,,,,,,
119,Liechtenstein,Vaduz,47.08,9.31,,,,,,,,,,,,,,,,,,,,,,,,,,,,,,,,,,,,,,,,,,,,,,,,,,,,,,,,,,,,,,,,,,,,,,,,,,,,,,,,,,,,,,,,,,,,,,,,,,,,,,,,,
120,Lithuania,Vilnius,54.41,25.19,,,,,,,,,,,,,,,,,,,,,,,,,,,,,,,,,,,,,,,,,,,,,,,,,,,,,,,,,,,,,,,,,,,,,,,,,,,,,,,,,,,,,,,,,,,,,,,,,,,,,,,,,
121,Luxembourg,Luxembourg,49.36,6.07,,,,,,,,,,,,,,,,,,,,,,,,,,,,,,,,,,,,,,,,,,,,,,,,,,,,,,,,,,,,,,,,,,,,,,,,,,,,,,,,,,,,,,,,,,,,,,,,,,,,,,,,,
122,Macedonia Republic of,Skopje,42.0,21.26,,,,,,,,,,,,,,,,,,,,,,,,,,,,,,,,,,,,,,,,,,,,,,,,,,,,,,,,,,,,,,,,,,,,,,,,,,,,,,,,,,,,,,,,,,,,,,,,,,,,,,,,,
123,Madagascar,Antananarivo,-18.55,47.31,153.0,135.0,13.3,,,,,,,,,,,,,,,,,,,,,,,,,,,,,,,,,,,,,,,,,,,,,,,,,,,,,,,,,,,,,,,,,,,,,,,,,,,,,,,,,,,,,,,,,,,,,,,,,,,,,,
124,Malawi,Lilongwe,-13.59,33.47,,,,,,,,,,,,,,,,,,,,,,,,,,,,,,,,,,,,,,,,,,,,,,,,,,,,,,,,,,,,,,,,,,,,,,,,,,,,,,,,,,,,,,,,,,,,,,,,,,,,,,,,,
125,Malaysia,Kuala Lumpur,3.1,101.42,482.0,357.0,35.0,,,,,,,,,,,,,,,,,,,,,,,,,,,,,,,,,,,,,,,,,,,,,,,,,,,,,,,,,,,,,,,,,,,,,,,,,,,,,,,,,,,,,,,,,,,,,,,,,,,,,,
126,Maldives,Male,4.1,73.3,136.0,148.0,-8.1,,,,,,,,,,,,,,,,,,,,,,,,,,,,,,,,,,,,,,,,,,,,,,,,,,,,,,,,,,,,,,,,,,,,,,,,,,,,,,,,,,,,,,,,,,,,,,,,,,,,,,
127,Mali,Bamako,12.39,-8.0,,,,,,,,,,,,,,,,,,,,,,,,,,,,,,,,,,,,,,,,,,,,,,,,,,,,,,,,,,,,,,,,,,,,,,,,,,,,,,,,,,,,,,,,,,,,,,,,,,,,,,,,,
128,Malta,Valletta,35.53,14.3,105.0,80.0,31.2,,,,,,,,,,,,,,,,,,,,,,,,,,,,,,,,,,,,,,,,,,,,,,,,,,,,,,,,,,,,,,,,,,,,,,,,,,,,,,,,,,,,,,,,,,,,,,,,,,,,,,
129,Man Isle of,Douglas,54.09,-4.29,,,,,,,,,,,,,,,,,,,,,,,,,,,,,,,,,,,,,,,,,,,,,,,,,,,,,,,,,,,,,,,,,,,,,,,,,,,,,,,,,,,,,,,,,,,,,,,,,,,,,,,,,
130,Marshall Islands,Majuro,7.06,171.23,,,,,,,,,,,,,,,,,,,,,,,,,,,,,,,,,,,,,,,,,,,,,,,,,,,,,,,,,,,,,,,,,,,,,,,,,,,,,,,,,,,,,,,,,,,,,,,,,,,,,,,,,
131,Mauritania,Nouakchott,18.07,-16.02,,,,,,,,,,,,,,,,,,,,,,,,,,,,,,,,,,,,,,,,,,,,,,,,,,,,,,,,,,,,,,,,,,,,,,,,,,,,,,,,,,,,,,,,,,,,,,,,,,,,,,,,,
132,Mauritius,Port Louis,-20.09,57.29,232.0,165.0,40.6,,,,,,,,,,,,,,,,,,,,,,,,,,,,,,,,,,,,,,,,,,,,,,,,,,,,,,,,,,,,,,,,,,,,,,,,,,,,,,,,,,,,,,,,,,,,,,,,,,,,,,
133,Mayotte,Mamoudzou,-12.46,45.13,,,,,,,,,,,,,,,,,,,,,,,,,,,,,,,,,,,,,,,,,,,,,,,,,,,,,,,,,,,,,,,,,,,,,,,,,,,,,,,,,,,,,,,,,,,,,,,,,,,,,,,,,
134,Mexico,Mexico (Distrito Federal),19.26,-99.08,635.0,516.0,23.1,,,,,,,,,,,,,,,,,,,,,,,,,,,,,,,,,,,,,,,,,,,,,,,,,,,,,,,,,,,,,,,,,,,,,,,,,,,,,,,,,,,,,,,,,,,,,,,,,,,,,,
135,Micronesia Federated States of,Palikir,6.55,158.09,,,,,,,,,,,,,,,,,,,,,,,,,,,,,,,,,,,,,,,,,,,,,,,,,,,,,,,,,,,,,,,,,,,,,,,,,,,,,,,,,,,,,,,,,,,,,,,,,,,,,,,,,
136,Moldova,Chisinau (Kishinev),47.0,28.51,,,,,,,,,,,,,,,,,,,,,,,,,,,,,,,,,,,,,,,,,,,,,,,,,,,,,,,,,,,,,,,,,,,,,,,,,,,,,,,,,,,,,,,,,,,,,,,,,,,,,,,,,
137,Monaco,Monaco,43.44,7.25,,,,,,,,,,,,,,,,,,,,,,,,,,,,,,,,,,,,,,,,,,,,,,,,,,,,,,,,,,,,,,,,,,,,,,,,,,,,,,,,,,,,,,,,,,,,,,,,,,,,,,,,,
138,Mongolia,Ulaanbaatar,47.55,106.55,,,,,,,,,,,,,,,,,,,,,,,,,,,,,,,,,,,,,,,,,,,,,,,,,,,,,,,,,,,,,,,,,,,,,,,,,,,,,,,,,,,,,,,,,,,,,,,,,,,,,,,,,
139,Montserrat,Plymouth,16.42,-62.13,,,,,,,,,,,,,,,,,,,,,,,,,,,,,,,,,,,,,,,,,,,,,,,,,,,,,,,,,,,,,,,,,,,,,,,,,,,,,,,,,,,,,,,,,,,,,,,,,,,,,,,,,
140,Morocco,Rabat,34.01,-6.49,504.0,414.0,21.7,,,,,,,,,,,,,,,,,,,,,,,,,,,,,,,,,,,,,,,,,,,,,,,,,,,,,,,,,,,,,,,,,,,,,,,,,,,,,,,,,,,,,,,,,,,,,,,,,,,,,,
141,Mozambique,Maputo,-25.57,32.35,155.0,102.0,52.0,,,,,,,,,,,,,,,,,,,,,,,,,,,,,,,,,,,,,,,,,,,,,,,,,,,,,,,,,,,,,,,,,,,,,,,,,,,,,,,,,,,,,,,,,,,,,,,,,,,,,,
142,Namibia,Windhoek,-22.34,17.05,117.0,68.0,72.1,,,,,,,,,,,,,,,,,,,,,,,,,,,,,,,,,,,,,,,,,,,,,,,,,,,,,,,,,,,,,,,,,,,,,,,,,,,,,,,,,,,,,,,,,,,,,,,,,,,,,,
143,Nepal,Kathmandu,27.43,85.19,161.0,105.0,53.3,,,,,,,,,,,,,,,,,,,,,,,,,,,,,,,,,,,,,,,,,,,,,,,,,,,,,,,,,,,,,,,,,,,,,,,,,,,,,,,,,,,,,,,,,,,,,,,,,,,,,,
144,Netherlands,Amsterdam,52.23,4.54,118.0,141.0,-16.3,,,,,,,,,,,,,,,,,,,,,,,,,,,,,,,,,,,,,,,,,,,,,,,,,,,,,,,,,,,,,,,,,,,,,,,,,,,,,,,,,,,,,,,,,,,,,,,,,,,,,,
145,Netherlands Antilles,Willemstad (on Curacao),12.06,-68.56,,,,,,,,,,,,,,,,,,,,,,,,,,,,,,,,,,,,,,,,,,,,,,,,,,,,,,,,,,,,,,,,,,,,,,,,,,,,,,,,,,,,,,,,,,,,,,,,,,,,,,,,,
146,New Caledonia,Noumea,-22.16,166.27,,,,,,,,,,,,,,,,,,,,,,,,,,,,,,,,,,,,,,,,,,,,,,,,,,,,,,,,,,,,,,,,,,,,,,,,,,,,,,,,,,,,,,,,,,,,,,,,,,,,,,,,,
147,New-Zealand,Wellington,-41.28,174.51,149.0,116.0,28.4,,,,,,,,,,,,,,,,,,,,,,,,,,,,,,,,,,,,,,,,,,,,,,,,,,,,,,,,,,,,,,,,,,,,,,,,,,,,,,,,,,,,,,,,,,,,,,,,,,,,,,
148,Nicaragua,Managua,12.09,-86.17,,,,,,,,,,,,,,,,,,,,,,,,,,,,,,,,,,,,,,,,,,,,,,,,,,,,,,,,,,,,,,,,,,,,,,,,,,,,,,,,,,,,,,,,,,,,,,,,,,,,,,,,,
149,Niger,Niamey,13.31,2.07,,,,,,,,,,,,,,,,,,,,,,,,,,,,,,,,,,,,,,,,,,,,,,,,,,,,,,,,,,,,,,,,,,,,,,,,,,,,,,,,,,,,,,,,,,,,,,,,,,,,,,,,,
150,Nigeria,Abuja,9.05,7.32,627.0,336.0,86.6,,,,,,,,,,,,,,,,,,,,,,,,,,,,,,,,,,,,,,,,,,,,,,,,,,,,,,,,,,,,,,,,,,,,,,,,,,,,,,,,,,,,,,,,,,,,,,,,,,,,,,
151,Niue,Alofi,-19.01,-169.55,,,,,,,,,,,,,,,,,,,,,,,,,,,,,,,,,,,,,,,,,,,,,,,,,,,,,,,,,,,,,,,,,,,,,,,,,,,,,,,,,,,,,,,,,,,,,,,,,,,,,,,,,
152,Norfolk Island,Kingston,-29.03,167.58,,,,,,,,,,,,,,,,,,,,,,,,,,,,,,,,,,,,,,,,,,,,,,,,,,,,,,,,,,,,,,,,,,,,,,,,,,,,,,,,,,,,,,,,,,,,,,,,,,,,,,,,,
153,Northern Mariana Islands,Saipan,15.12,145.45,,,,,,,,,,,,,,,,,,,,,,,,,,,,,,,,,,,,,,,,,,,,,,,,,,,,,,,,,,,,,,,,,,,,,,,,,,,,,,,,,,,,,,,,,,,,,,,,,,,,,,,,,
154,Norway,Oslo,59.55,10.45,,,,,,,,,,,,,,,,,,,,,,,,,,,,,,,,,,,,,,,,,,,,,,,,,,,,,,,,,,,,,,,,,,,,,,,,,,,,,,,,,,,,,,,,,,,,,,,,,,,,,,,,,
155,Oman,Muscat,23.37,58.35,173.0,140.0,23.6,,,,,,,,,,,,,,,,,,,,,,,,,,,,,,,,,,,,,,,,,,,,,,,,,,,,,,,,,,,,,,,,,,,,,,,,,,,,,,,,,,,,,,,,,,,,,,,,,,,,,,
156,Pakistan,Islamabad,33.42,73.1,305.0,213.0,43.2,,,,,,,,,,,,,,,,,,,,,,,,,,,,,,,,,,,,,,,,,,,,,,,,,,,,,,,,,,,,,,,,,,,,,,,,,,,,,,,,,,,,,,,,,,,,,,,,,,,,,,
157,Palau,Melekeok,7.29,134.38,,,,,,,,,,,,,,,,,,,,,,,,,,,,,,,,,,,,,,,,,,,,,,,,,,,,,,,,,,,,,,,,,,,,,,,,,,,,,,,,,,,,,,,,,,,,,,,,,,,,,,,,,
158,Panama,Panama,8.58,-79.32,,,,,,,,,,,,,,,,,,,,,,,,,,,,,,,,,,,,,,,,,,,,,,,,,,,,,,,,,,,,,,,,,,,,,,,,,,,,,,,,,,,,,,,,,,,,,,,,,,,,,,,,,
159,Papua New Guinea,Port Moresby,-9.3,147.1,,,,,,,,,,,,,,,,,,,,,,,,,,,,,,,,,,,,,,,,,,,,,,,,,,,,,,,,,,,,,,,,,,,,,,,,,,,,,,,,,,,,,,,,,,,,,,,,,,,,,,,,,
160,Paraguay,Asuncion,-25.16,-57.4,,,,,,,,,,,,,,,,,,,,,,,,,,,,,,,,,,,,,,,,,,,,,,,,,,,,,,,,,,,,,,,,,,,,,,,,,,,,,,,,,,,,,,,,,,,,,,,,,,,,,,,,,
161,Peru,Lima,-12.03,-77.03,246.0,191.0,28.8,,,,,,,,,,,,,,,,,,,,,,,,,,,,,,,,,,,,,,,,,,,,,,,,,,,,,,,,,,,,,,,,,,,,,,,,,,,,,,,,,,,,,,,,,,,,,,,,,,,,,,
162,Philippines,Manila,11.87,122.86,213.0,145.0,46.9,,,,,,,,,,,,,,,,,,,,,,,,,,,,,,,,,,,,,,,,,,,,,,,,,,,,,,,,,,,,,,,,,,,,,,,,,,,,,,,,,,,,,,,,,,,,,,,,,,,,,,
163,Pitcairn Islands,Adamstown,-25.04,-130.05,,,,,,,,,,,,,,,,,,,,,,,,,,,,,,,,,,,,,,,,,,,,,,,,,,,,,,,,,,,,,,,,,,,,,,,,,,,,,,,,,,,,,,,,,,,,,,,,,,,,,,,,,
164,Poland,Warsaw,52.15,21.0,159.0,95.0,67.4,,,,,,,,,,,,,,,,,,,,,,,,,,,,,,,,,,,,,,,,,,,,,,,,,,,,,,,,,,,,,,,,,,,,,,,,,,,,,,,,,,,,,,,,,,,,,,,,,,,,,,
165,Portugal,Lisbon,38.43,-9.08,231.0,189.0,22.2,,,,,,,,,,,,,,,,,,,,,,,,,,,,,,,,,,,,,,,,,,,,,,,,,,,,,,,,,,,,,,,,,,,,,,,,,,,,,,,,,,,,,,,,,,,,,,,,,,,,,,
166,Puerto Rico,San Juan,18.28,-66.07,,,,,,,,,,,,,,,,,,,,,,,,,,,,,,,,,,,,,,,,,,,,,,,,,,,,,,,,,,,,,,,,,,,,,,,,,,,,,,,,,,,,,,,,,,,,,,,,,,,,,,,,,
167,Qatar,Doha,25.17,51.32,182.0,121.0,50.4,,,,,,,,,,,,,,,,,,,,,,,,,,,,,,,,,,,,,,,,,,,,,,,,,,,,,,,,,,,,,,,,,,,,,,,,,,,,,,,,,,,,,,,,,,,,,,,,,,,,,,
168,Romania,Bucharest,44.26,26.06,,,,,,,,,,,,,,,,,,,,,,,,,,,,,,,,,,,,,,,,,,,,,,,,,,,,,,,,,,,,,,,,,,,,,,,,,,,,,,,,,,,,,,,,,,,,,,,,,,,,,,,,,
169,Russia,Moscow,55.45,37.35,284.0,194.0,46.4,,,,,,,,,,,,,,,,,,,,,,,,,,,,,,,,,,,,,,,,,,,,,,,,,,,,,,,,,,,,,,,,,,,,,,,,,,,,,,,,,,,,,,,,,,,,,,,,,,,,,,
170,Rwanda,Kigali,-1.57,30.04,101.0,79.0,27.8,,,,,,,,,,,,,,,,,,,,,,,,,,,,,,,,,,,,,,,,,,,,,,,,,,,,,,,,,,,,,,,,,,,,,,,,,,,,,,,,,,,,,,,,,,,,,,,,,,,,,,
171,Samoa,Apia,-13.5,-171.44,,,,,,,,,,,,,,,,,,,,,,,,,,,,,,,,,,,,,,,,,,,,,,,,,,,,,,,,,,,,,,,,,,,,,,,,,,,,,,,,,,,,,,,,,,,,,,,,,,,,,,,,,
172,San Marino,San Marino,43.56,12.25,,,,,,,,,,,,,,,,,,,,,,,,,,,,,,,,,,,,,,,,,,,,,,,,,,,,,,,,,,,,,,,,,,,,,,,,,,,,,,,,,,,,,,,,,,,,,,,,,,,,,,,,,
173,Saudi Arabia,Riyadh,24.38,46.43,,,,,,,,,,,,,,,,,,,,,,,,,,,,,,,,,,,,,,,,,,,,,,,,,,,,,,,,,,,,,,,,,,,,,,,,,,,,,,,,,,,,,,,,,,,,,,,,,,,,,,,,,
174,Senegal,Dakar,14.4,-17.26,,,,,,,,,,,,,,,,,,,,,,,,,,,,,,,,,,,,,,,,,,,,,,,,,,,,,,,,,,,,,,,,,,,,,,,,,,,,,,,,,,,,,,,,,,,,,,,,,,,,,,,,,
175,Serbia and Montenegro,Belgrade (Beograd),44.5,20.3,,,,,,,,,,,,,,,,,,,,,,,,,,,,,,,,,,,,,,,,,,,,,,,,,,,,,,,,,,,,,,,,,,,,,,,,,,,,,,,,,,,,,,,,,,,,,,,,,,,,,,,,,
176,Seychelles,Victoria,-4.38,55.27,,,,,,,,,,,,,,,,,,,,,,,,,,,,,,,,,,,,,,,,,,,,,,,,,,,,,,,,,,,,,,,,,,,,,,,,,,,,,,,,,,,,,,,,,,,,,,,,,,,,,,,,,
177,Sierra Leone,Freetown,8.3,-13.15,,,,,,,,,,,,,,,,,,,,,,,,,,,,,,,,,,,,,,,,,,,,,,,,,,,,,,,,,,,,,,,,,,,,,,,,,,,,,,,,,,,,,,,,,,,,,,,,,,,,,,,,,
178,Singapore,Singapore,1.17,103.51,217.0,179.0,21.2,,,,,,,,,,,,,,,,,,,,,,,,,,,,,,,,,,,,,,,,,,,,,,,,,,,,,,,,,,,,,,,,,,,,,,,,,,,,,,,,,,,,,,,,,,,,,,,,,,,,,,
179,Slovakia,Bratislava,48.09,17.07,,,,,,,,,,,,,,,,,,,,,,,,,,,,,,,,,,,,,,,,,,,,,,,,,,,,,,,,,,,,,,,,,,,,,,,,,,,,,,,,,,,,,,,,,,,,,,,,,,,,,,,,,
180,Slovenia,Ljubljana,46.03,14.31,,,,,,,,,,,,,,,,,,,,,,,,,,,,,,,,,,,,,,,,,,,,,,,,,,,,,,,,,,,,,,,,,,,,,,,,,,,,,,,,,,,,,,,,,,,,,,,,,,,,,,,,,
181,Solomon Islands,Honiara,-9.26,159.57,,,,,,,,,,,,,,,,,,,,,,,,,,,,,,,,,,,,,,,,,,,,,,,,,,,,,,,,,,,,,,,,,,,,,,,,,,,,,,,,,,,,,,,,,,,,,,,,,,,,,,,,,
182,Somalia,Mogadishu,2.04,45.22,135.0,101.0,33.7,,,,,,,,,,,,,,,,,,,,,,,,,,,,,,,,,,,,,,,,,,,,,,,,,,,,,,,,,,,,,,,,,,,,,,,,,,,,,,,,,,,,,,,,,,,,,,,,,,,,,,
183,South-Africa,Pretoria (administrative capital),-25.42,28.13,411.0,284.0,44.7,,,,,,,,,,,,,,,,,,,,,,,,,,,,,,,,,,,,,,,,,,,,,,,,,,,,,,,,,,,,,,,,,,,,,,,,,,,,,,,,,,,,,,,,,,,,,,,,,,,,,,
184,Spain,Madrid,40.24,-3.41,786.0,572.0,37.4,,,,,,,,,,,,,,,,,,,,,,,,,,,,,,,,,,,,,,,,,,,,,,,,,,,,,,,,,,,,,,,,,,,,,,,,,,,,,,,,,,,,,,,,,,,,,,,,,,,,,,
185,Sri-Lanka,Colombo,6.56,79.51,421.0,403.0,4.5,,,,,,,,,,,,,,,,,,,,,,,,,,,,,,,,,,,,,,,,,,,,,,,,,,,,,,,,,,,,,,,,,,,,,,,,,,,,,,,,,,,,,,,,,,,,,,,,,,,,,,
186,Sudan,Khartoum,15.36,32.32,110.0,76.0,44.7,,,,,,,,,,,,,,,,,,,,,,,,,,,,,,,,,,,,,,,,,,,,,,,,,,,,,,,,,,,,,,,,,,,,,,,,,,,,,,,,,,,,,,,,,,,,,,,,,,,,,,
187,Suriname,Paramaribo,5.5,-55.1,,,,,,,,,,,,,,,,,,,,,,,,,,,,,,,,,,,,,,,,,,,,,,,,,,,,,,,,,,,,,,,,,,,,,,,,,,,,,,,,,,,,,,,,,,,,,,,,,,,,,,,,,
188,Svalbard,Longyearbyen,78.13,15.33,,,,,,,,,,,,,,,,,,,,,,,,,,,,,,,,,,,,,,,,,,,,,,,,,,,,,,,,,,,,,,,,,,,,,,,,,,,,,,,,,,,,,,,,,,,,,,,,,,,,,,,,,
189,Swaziland,Mbabane,-26.18,31.06,,,,,,,,,,,,,,,,,,,,,,,,,,,,,,,,,,,,,,,,,,,,,,,,,,,,,,,,,,,,,,,,,,,,,,,,,,,,,,,,,,,,,,,,,,,,,,,,,,,,,,,,,
190,Sweden,Stockholm,59.2,18.03,,,,,,,,,,,,,,,,,,,,,,,,,,,,,,,,,,,,,,,,,,,,,,,,,,,,,,,,,,,,,,,,,,,,,,,,,,,,,,,,,,,,,,,,,,,,,,,,,,,,,,,,,
191,Switzerland,Bern,46.57,7.26,123.0,80.0,53.8,,,,,,,,,,,,,,,,,,,,,,,,,,,,,,,,,,,,,,,,,,,,,,,,,,,,,,,,,,,,,,,,,,,,,,,,,,,,,,,,,,,,,,,,,,,,,,,,,,,,,,
192,Syria,Damascus,33.3,36.18,143.0,119.0,20.2,,,,,,,,,,,,,,,,,,,,,,,,,,,,,,,,,,,,,,,,,,,,,,,,,,,,,,,,,,,,,,,,,,,,,,,,,,,,,,,,,,,,,,,,,,,,,,,,,,,,,,
193,S o Tom_ and Prêncipe,Sao Tome,0.12,6.39,,,,,,,,,,,,,,,,,,,,,,,,,,,,,,,,,,,,,,,,,,,,,,,,,,,,,,,,,,,,,,,,,,,,,,,,,,,,,,,,,,,,,,,,,,,,,,,,,,,,,,,,,
194,Taiwan,Taipei,25.03,121.3,,,,,,,,,,,,,,,,,,,,,,,,,,,,,,,,,,,,,,,,,,,,,,,,,,,,,,,,,,,,,,,,,,,,,,,,,,,,,,,,,,,,,,,,,,,,,,,,,,,,,,,,,
195,Tajikistan,Dushanbe,38.35,68.48,,,,,,,,,,,,,,,,,,,,,,,,,,,,,,,,,,,,,,,,,,,,,,,,,,,,,,,,,,,,,,,,,,,,,,,,,,,,,,,,,,,,,,,,,,,,,,,,,,,,,,,,,
196,Tanzania,Dar es Salaam,-6.48,39.17,327.0,198.0,65.2,,,,,,,,,,,,,,,,,,,,,,,,,,,,,,,,,,,,,,,,,,,,,,,,,,,,,,,,,,,,,,,,,,,,,,,,,,,,,,,,,,,,,,,,,,,,,,,,,,,,,,
197,Thailand,Bangkok,13.45,100.31,855.0,623.0,37.2,,,,,,,,,,,,,,,,,,,,,,,,,,,,,,,,,,,,,,,,,,,,,,,,,,,,,,,,,,,,,,,,,,,,,,,,,,,,,,,,,,,,,,,,,,,,,,,,,,,,,,
198,Togo,Lome,6.08,1.13,,,,,,,,,,,,,,,,,,,,,,,,,,,,,,,,,,,,,,,,,,,,,,,,,,,,,,,,,,,,,,,,,,,,,,,,,,,,,,,,,,,,,,,,,,,,,,,,,,,,,,,,,
199,Tonga,Nuku'alofa,-21.08,-175.12,,,,,,,,,,,,,,,,,,,,,,,,,,,,,,,,,,,,,,,,,,,,,,,,,,,,,,,,,,,,,,,,,,,,,,,,,,,,,,,,,,,,,,,,,,,,,,,,,,,,,,,,,
200,Trinidad and Tobago,Port-of-Spain,10.39,-61.31,,,,,,,,,,,,,,,,,,,,,,,,,,,,,,,,,,,,,,,,,,,,,,,,,,,,,,,,,,,,,,,,,,,,,,,,,,,,,,,,,,,,,,,,,,,,,,,,,,,,,,,,,
201,Tunisia,Tunis,36.48,10.11,1017.0,984.0,3.4,,,,,,,,,,,,,,,,,,,,,,,,,,,,,,,,,,,,,,,,,,,,,,,,,,,,,,,,,,,,,,,,,,,,,,,,,,,,,,,,,,,,,,,,,,,,,,,,,,,,,,
202,Turkey,Ankara,39.56,32.52,2158.0,2104.0,2.6,,,,,,,,,,,,,,,,,,,,,,,,,,,,,,,,,,,,,,,,,,,,,,,,,,,,,,,,,,,,,,,,,,,,,,,,,,,,,,,,,,,,,,,,,,,,,,,,,,,,,,
203,Turkmenistan,Ashgabat (Ashkhabad),37.57,58.23,,,,,,,,,,,,,,,,,,,,,,,,,,,,,,,,,,,,,,,,,,,,,,,,,,,,,,,,,,,,,,,,,,,,,,,,,,,,,,,,,,,,,,,,,,,,,,,,,,,,,,,,,
204,Turks and Caicos Islands,Grand Turk (Cockburn Town),21.28,-71.08,,,,,,,,,,,,,,,,,,,,,,,,,,,,,,,,,,,,,,,,,,,,,,,,,,,,,,,,,,,,,,,,,,,,,,,,,,,,,,,,,,,,,,,,,,,,,,,,,,,,,,,,,
205,Tuvalu,Funafuti,-8.3,179.12,,,,,,,,,,,,,,,,,,,,,,,,,,,,,,,,,,,,,,,,,,,,,,,,,,,,,,,,,,,,,,,,,,,,,,,,,,,,,,,,,,,,,,,,,,,,,,,,,,,,,,,,,
206,Uganda,Kampala,0.19,32.25,205.0,169.0,21.3,,,,,,,,,,,,,,,,,,,,,,,,,,,,,,,,,,,,,,,,,,,,,,,,,,,,,,,,,,,,,,,,,,,,,,,,,,,,,,,,,,,,,,,,,,,,,,,,,,,,,,
207,Ukraine,Kyiv (Kiev),50.26,30.31,167.0,139.0,20.1,,,,,,,,,,,,,,,,,,,,,,,,,,,,,,,,,,,,,,,,,,,,,,,,,,,,,,,,,,,,,,,,,,,,,,,,,,,,,,,,,,,,,,,,,,,,,,,,,,,,,,
208,United-Arab-Emirates,Abu Dhabi,24.28,54.22,557.0,404.0,37.9,,,,,,,,,,,,,,,,,,,,,,,,,,,,,,,,,,,,,,,,,,,,,,,,,,,,,,,,,,,,,,,,,,,,,,,,,,,,,,,,,,,,,,,,,,,,,,,,,,,,,,
209,United Kingdom,London,51.52,-0.11,,,,,,,,,,,,,,,,,,,,,,,,,,,,,,,,,,,,,,,,,,,,,,,,,,,,,,,,,,,,,,,,,,,,,,,,,,,,,,,,,,,,,,,,,,,,,,,,,,,,,,,,,
210,USA,Washington DC,38.53,-77.02,1459.0,1180.0,23.6,,,,,,,,,,,,,,,,,,,,,,,,,,,,,,,,,,,,,,,,,,,,,,,,,,,,,,,,,,,,,,,,,,,,,,,,,,,,,,,,,,,,,,,,,,,,,,,,,,,,,,
211,Uruguay,Montevideo,-34.53,-56.11,,,,,,,,,,,,,,,,,,,,,,,,,,,,,,,,,,,,,,,,,,,,,,,,,,,,,,,,,,,,,,,,,,,,,,,,,,,,,,,,,,,,,,,,,,,,,,,,,,,,,,,,,
212,Uzbekistan,Tashkent (Toshkent),41.2,69.18,,,,,,,,,,,,,,,,,,,,,,,,,,,,,,,,,,,,,,,,,,,,,,,,,,,,,,,,,,,,,,,,,,,,,,,,,,,,,,,,,,,,,,,,,,,,,,,,,,,,,,,,,
213,Vanuatu,Port-Vila (on Efate),-17.44,168.19,,,,,,,,,,,,,,,,,,,,,,,,,,,,,,,,,,,,,,,,,,,,,,,,,,,,,,,,,,,,,,,,,,,,,,,,,,,,,,,,,,,,,,,,,,,,,,,,,,,,,,,,,
214,Venezuela,Caracas,10.3,-66.56,143.0,87.0,64.4,,,,,,,,,,,,,,,,,,,,,,,,,,,,,,,,,,,,,,,,,,,,,,,,,,,,,,,,,,,,,,,,,,,,,,,,,,,,,,,,,,,,,,,,,,,,,,,,,,,,,,
215,Vietnam,Hanoi,21.02,105.51,328.0,265.0,23.8,,,,,,,,,,,,,,,,,,,,,,,,,,,,,,,,,,,,,,,,,,,,,,,,,,,,,,,,,,,,,,,,,,,,,,,,,,,,,,,,,,,,,,,,,,,,,,,,,,,,,,
216,Virgin Islands,Charlotte Amalie,18.21,-64.56,,,,,,,,,,,,,,,,,,,,,,,,,,,,,,,,,,,,,,,,,,,,,,,,,,,,,,,,,,,,,,,,,,,,,,,,,,,,,,,,,,,,,,,,,,,,,,,,,,,,,,,,,
217,Wallis and Futuna,Mata-Utu (on Ile Uvea),-13.57,-171.56,,,,,,,,,,,,,,,,,,,,,,,,,,,,,,,,,,,,,,,,,,,,,,,,,,,,,,,,,,,,,,,,,,,,,,,,,,,,,,,,,,,,,,,,,,,,,,,,,,,,,,,,,
218,Yemen,Sanaa,15.21,44.12,142.0,110.0,29.1,,,,,,,,,,,,,,,,,,,,,,,,,,,,,,,,,,,,,,,,,,,,,,,,,,,,,,,,,,,,,,,,,,,,,,,,,,,,,,,,,,,,,,,,,,,,,,,,,,,,,,
219,Zambia,Lusaka,-15.25,28.17,139.0,95.0,46.3,,,,,,,,,,,,,,,,,,,,,,,,,,,,,,,,,,,,,,,,,,,,,,,,,,,,,,,,,,,,,,,,,,,,,,,,,,,,,,,,,,,,,,,,,,,,,,,,,,,,,,
220,Zimbabwe,Harare,-17.5,31.03,245.0,149.0,64.4,,,,,,,,,,,,,,,,,,,,,,,,,,,,,,,,,,,,,,,,,,,,,,,,,,,,,,,,,,,,,,,,,,,,,,,,,,,,,,,,,,,,,,,,,,,,,,,,,,,,,,
